subject,substrand,lesson_number,lesson_title,resource_kind,resource_title,tier,reason
Biology,Sub-Strand 1.3: Cell Biology — Cell Structure and Specialisation,3,What Is Inside the Cell Doing All the Work? — Organelle Structure & Function (Animal Cell),video,Cells and their Organelles - Example 1,TIER1_ANSWER_KEY,matches answer/exam pattern
Biology,Sub-Strand 2.1: Plant Nutrition,1,Why Does Our Sukuma Wiki Wilt? Anchoring the Phenomenon and Opening Our Questions,video,Human Nutrition - Example 1,TIER1_ANSWER_KEY,matches answer/exam pattern
Biology,Sub-Strand 2.1: Plant Nutrition,9,Mineral Nutrition: What Does the Soil Give the Plant?,video,Human Nutrition - Example 1,TIER1_ANSWER_KEY,matches answer/exam pattern
Biology,Sub-Strand 2.3: Plant Gaseous Exchange and Respiration,6,"Factors Affecting Respiration Rate: Temperature, Glucose, and Oxygen",video,Worked example: Calculating molar mass and number of moles,TIER1_ANSWER_KEY,matches answer/exam pattern
Biology,Sub-Strand 3.1: Animal Nutrition,1,What Is Animal Nutrition and Why Does It Matter? — Launching the Anchoring Phenomenon,video,Human Nutrition - Example 1,TIER1_ANSWER_KEY,matches answer/exam pattern
Biology,Sub-Strand 3.1: Animal Nutrition,5,Probing and Filtering Bird Beaks: How Beak Morphology Reveals Diet and Habitat,video,Human Nutrition - Example 1,TIER1_ANSWER_KEY,matches answer/exam pattern
Biology,Sub-Strand 3.1: Animal Nutrition,10,"Synthesis and Model Finalisation: From Aphid Stylets to Human Villi — One Purpose, Many Structures",video,Human Nutrition - Example 1,TIER1_ANSWER_KEY,matches answer/exam pattern
Biology,Sub-Strand 3.3: Animal Gaseous Exchange and Respiration,10,Factors Affecting Rate of Respiration (continued) & Importance of Gaseous Exchange,video,Worked example: logistic model equations,TIER1_ANSWER_KEY,matches answer/exam pattern
Chemistry,Sub-Strand 1.1: Introduction to Chemistry,10,Project: Poster on Drug & Substance Use — Unit Synthesis & Final Explanation,video,Coordinate plane word problem examples,TIER1_ANSWER_KEY,matches answer/exam pattern
Chemistry,Sub-Strand 1.2: The Atom,1,The Mystery of Coloured Flames: Noticing and Wondering,reading,topical-test-form-1-chemistry-introduction-to-chemistry-answers,TIER1_ANSWER_KEY,matches answer/exam pattern
Chemistry,Sub-Strand 1.5: Periodicity,3,"Magnesium, Calcium and the Stubborn Metals",video,Worked example: Finding the formula of an ionic compound,TIER1_ANSWER_KEY,matches answer/exam pattern
Core_Mathematics,Sub-Strand 2.1: Similarity and Enlargement,3,Constructing Images under Enlargement on a Plane Surface,reading,KCSE 2021 BUILDING AND CONSTRUCTION PP1 PP2 ANSWERS,TIER1_ANSWER_KEY,matches answer/exam pattern
Core_Mathematics,Sub-Strand 2.1: Similarity and Enlargement,6,Volume Scale Factor and the LSF–ASF–VSF Relationship,video,Function notation example,TIER1_ANSWER_KEY,matches answer/exam pattern
Essential_Mathematics,Sub-Strand 1.1: Real Numbers,4,Combined Operations on Rational Numbers I — Addition & Subtraction in the Market and Classroom,video,Worked example: Order of operations (PEMDAS),TIER1_ANSWER_KEY,matches answer/exam pattern
Essential_Mathematics,Sub-Strand 1.1: Real Numbers,5,Combined Operations on Rational Numbers II — Multiplication & Division,video,Identifying Mixed Numbers and Improper Fractions - Example 1,TIER1_ANSWER_KEY,matches answer/exam pattern
Essential_Mathematics,Sub-Strand 2.1: Similarity and Enlargement,5,Volume Scale Factor: Why the Large Uji Cup Holds Eight Times as Much,video,Function notation example,TIER1_ANSWER_KEY,matches answer/exam pattern
Essential_Mathematics,Sub-Strand 2.1: Similarity and Enlargement,6,"Relating Linear, Area and Volume Scale Factors — The Unified k, k², k³ Model",video,Function notation example,TIER1_ANSWER_KEY,matches answer/exam pattern
Essential_Mathematics,Sub-Strand 2.1: Similarity and Enlargement,8,"Project Presentations, Final Explanation & DQB Completion",video,Function notation example,TIER1_ANSWER_KEY,matches answer/exam pattern
Essential_Mathematics,Sub-Strand 2.3: Trigonometry,2,Sides of the Right-Angled Triangle — Naming What We See,video,"Surface integral example, part 1",TIER1_ANSWER_KEY,matches answer/exam pattern
Essential_Mathematics,Sub-Strand 2.3: Trigonometry,4,"The Constant Ratio — Discovering Sine, Cosine and Tangent Through Drawing",video,"Surface integral example, part 1",TIER1_ANSWER_KEY,matches answer/exam pattern
General_Science,Sub-Strand 1.2: The Cell,7,3D Cell Model Project — Building and Justifying a Model of a Plant or Animal Cell,video,Cells and their Organelles - Example 1,TIER1_ANSWER_KEY,matches answer/exam pattern
General_Science,Sub-Strand 1.2: The Cell,8,Driving Question Board Synthesis and Final Assessment: What Keeps the Sukuma Wiki Leaf Alive?,video,Cells and their Organelles - Example 1,TIER1_ANSWER_KEY,matches answer/exam pattern
General_Science,Sub-Strand 2.2: Chemical Families,3,Alkaline Earth Metals — Moderate Reactivity and the Chemistry Behind Kenyan Fertilisers,video,Worked example: Finding the formula of an ionic compound,TIER1_ANSWER_KEY,matches answer/exam pattern
General_Science,Sub-Strand 2.2: Chemical Families,6,"Magnesium in Action: Group 2 Reactivity, Fertilisers, and the Two-Electron Difference",video,Worked example: Finding the formula of an ionic compound,TIER1_ANSWER_KEY,matches answer/exam pattern
Maths,Sub-Strand 3.1: Trigonometry I,1,Predict and Anchor: Why Does My Shadow Tell Me How Tall the Tree Is?,video,"Surface integral example, part 1",TIER1_ANSWER_KEY,matches answer/exam pattern
Physics,Sub-Strand 2.1: Properties of Waves,7,"Interference of Waves: When Waves Meet, Add, and Cancel",video,Reflection and Interference of Mechanical Waves in One-Dimension - Example 1,TIER1_ANSWER_KEY,matches answer/exam pattern
Physics,Sub-Strand 2.1: Properties of Waves,9,Diffraction and Interference: Why Waves Bend Around Obstacles and Cancel or Reinforce Each Other,video,Reflection and Interference of Mechanical Waves in One-Dimension - Example 1,TIER1_ANSWER_KEY,matches answer/exam pattern
Physics,Sub-Strand 3.1: Radioactivity and Stability of Isotopes,4,Half-Life and Decay Curves: How Long Before the Rock Goes Quiet?,video,Worked example: Using oxidation numbers to identify oxidation and reduction,TIER1_ANSWER_KEY,matches answer/exam pattern
Physics,Sub-Strand 3.2: Current Electricity,5,"Series Circuits: Same Current, Sharing Voltage — Why More Bulbs Mean Dimmer Light",video,Theoretical probability distribution example: tables,TIER1_ANSWER_KEY,matches answer/exam pattern
Physics,Sub-Strand 3.2: Current Electricity,7,Series-Parallel Combination Circuits: Solving Real Kenyan Household Wiring Puzzles,video,Theoretical probability distribution example: tables,TIER1_ANSWER_KEY,matches answer/exam pattern
Physics,Sub-Strand 3.2: Current Electricity,11,Heating Effect of Electric Current & Electrical Safety,reading,topical-test-form-3-physics-heating-effect-of-electric-current-answerse,TIER1_ANSWER_KEY,matches answer/exam pattern
Physics,Sub-Strand 3.4: Electrostatics,1,What Is Happening Before the Lightning Strikes? (Introducing Charge),reading,topical-test-form-3-physics-electrostatics-2-answers,TIER1_ANSWER_KEY,matches answer/exam pattern
Physics,Sub-Strand 3.4: Electrostatics,2,"Two Types of Charge, the Law of Charges, and Conductors vs. Insulators",reading,topical-test-form-3-physics-electrostatics-2-answers,TIER1_ANSWER_KEY,matches answer/exam pattern
Physics,Sub-Strand 3.4: Electrostatics,4,"Charging by Contact, Induction, and Earthing — How Did the Iron Roof Gain Charge Without Touching the Cloud?",reading,topical-test-form-3-physics-electrostatics-2-answers,TIER1_ANSWER_KEY,matches answer/exam pattern
Biology,Sub-Strand 1.3: Cell Structure and Specialisation,7,Microscopy Practical 2 — Human Cheek Cells: Observing Animal Cell Structure,video,The mole and Avogadro's number,TIER2_WRONG_DOMAIN_VOCAB,contains Chemistry-specific term(s) ['mole']  [title used 1x in corpus]
Chemistry,Sub-Strand 1.1: Introduction to Chemistry,1,Anchoring Phenomenon & Defining Chemistry: What Happened to the Chapati Dough?,video,Anatomy of a skeletal muscle cell,TIER2_WRONG_DOMAIN_VOCAB,"contains Biology-specific term(s) ['anatomy', 'muscle', 'skeletal']  [title used 3x in corpus]"
Chemistry,Sub-Strand 1.2: The Atom,3,Bohr's Model and Energy Levels,video,De Broglie wavelength,TIER2_WRONG_DOMAIN_VOCAB,contains Physics-specific term(s) ['wavelength']  [title used 3x in corpus]
Chemistry,Sub-Strand 1.2: The Atom,6,From Energy Levels to Orbitals: Introducing s and p Orbitals,video,De Broglie wavelength,TIER2_WRONG_DOMAIN_VOCAB,contains Physics-specific term(s) ['wavelength']  [title used 3x in corpus]
Chemistry,Sub-Strand 1.3: The Periodic Table,3,Electron Arrangement and Periodic Table Position,video,De Broglie wavelength,TIER2_WRONG_DOMAIN_VOCAB,contains Physics-specific term(s) ['wavelength']  [title used 3x in corpus]
Chemistry,Sub-Strand 2.2: Introduction to Salts,6,"Behaviour of Salts in Air: Hygroscopic, Deliquescent and Efflorescent Salts",video,Genetics vocabulary,TIER2_WRONG_DOMAIN_VOCAB,contains Biology-specific term(s) ['genetics']  [title used 14x in corpus]
Core_Mathematics,Sub-Strand 1.3: Quadratic Expressions and Equations,4,Squaring the Shamba — Deriving Quadratic Identities Through Area,video,Genetics vocabulary,TIER2_WRONG_DOMAIN_VOCAB,contains Biology-specific term(s) ['genetics']  [title used 14x in corpus]
Core_Mathematics,Sub-Strand 2.1: Similarity and Enlargement,2,Centre of Enlargement and Linear Scale Factor — Finding the Fixed Point,video,Genetics vocabulary,TIER2_WRONG_DOMAIN_VOCAB,contains Biology-specific term(s) ['genetics']  [title used 14x in corpus]
Core_Mathematics,Sub-Strand 2.2: Reflection and Congruence,2,Reflection All Around Us — Locating Lines of Symmetry in Plane Figures,video,Genetics vocabulary,TIER2_WRONG_DOMAIN_VOCAB,contains Biology-specific term(s) ['genetics']  [title used 14x in corpus]
Core_Mathematics,Sub-Strand 2.5: Area of Polygons,3,Trigonometric Area of Triangles — When the Height Is Hidden,video,Genetics vocabulary,TIER2_WRONG_DOMAIN_VOCAB,contains Biology-specific term(s) ['genetics']  [title used 14x in corpus]
Core_Mathematics,Sub-Strand 2.9: Linear Motion,2,Calculating Velocity and Acceleration — Making the Numbers Tell the Story,video,Genetics vocabulary,TIER2_WRONG_DOMAIN_VOCAB,contains Biology-specific term(s) ['genetics']  [title used 14x in corpus]
Core_Mathematics,Sub-Strand 2.9: Linear Motion,5,Drawing Velocity-Time Graphs — Reading Acceleration in the Shape of the Race,video,Genetics vocabulary,TIER2_WRONG_DOMAIN_VOCAB,contains Biology-specific term(s) ['genetics']  [title used 14x in corpus]
Core_Mathematics,Sub-Strand 2.9: Linear Motion,7,Relative Speed — Who Gets There First When Everyone Is Moving?,video,Genetics vocabulary,TIER2_WRONG_DOMAIN_VOCAB,contains Biology-specific term(s) ['genetics']  [title used 14x in corpus]
Essential_Mathematics,Sub-Strand 2.1: Similarity and Enlargement,1,"Noticing Similarity — What Makes Two Shapes the ""Same but Different""?",video,Genetics vocabulary,TIER2_WRONG_DOMAIN_VOCAB,contains Biology-specific term(s) ['genetics']  [title used 14x in corpus]
Essential_Mathematics,Sub-Strand 2.1: Similarity and Enlargement,3,Drawing Enlargements — Constructing Images from a Centre and Scale Factor,video,Genetics vocabulary,TIER2_WRONG_DOMAIN_VOCAB,contains Biology-specific term(s) ['genetics']  [title used 14x in corpus]
Essential_Mathematics,Sub-Strand 2.5: Area of Part of a Circle,1,Anchoring Phenomenon Launch — Sector Intuition at Wakulima Market,video,Genetics vocabulary,TIER2_WRONG_DOMAIN_VOCAB,contains Biology-specific term(s) ['genetics']  [title used 14x in corpus]
Essential_Mathematics,Sub-Strand 2.5: Area of Part of a Circle,2,Deriving the Sector Area Formula — From Fraction of a Circle to a Precise Formula,video,Genetics vocabulary,TIER2_WRONG_DOMAIN_VOCAB,contains Biology-specific term(s) ['genetics']  [title used 14x in corpus]
Essential_Mathematics,Sub-Strand 2.8: Commercial Arithmetic 1,4,Commission and Percentage Commission — Who Gets Paid When Amina Sends Money to Uganda?,video,Genetics vocabulary,TIER2_WRONG_DOMAIN_VOCAB,contains Biology-specific term(s) ['genetics']  [title used 14x in corpus]
Essential_Mathematics,Sub-Strand 3.2: Probability I,6,Independent Events — The Coin Has No Memory,video,Genetics vocabulary,TIER2_WRONG_DOMAIN_VOCAB,contains Biology-specific term(s) ['genetics']  [title used 14x in corpus]
Physics,Sub-Strand 2.1: Properties of Waves,1,"Anchoring Phenomenon Launch — ""The Matatu Horn and the Fading Radio""",video,Anatomy of a skeletal muscle cell,TIER2_WRONG_DOMAIN_VOCAB,"contains Biology-specific term(s) ['anatomy', 'muscle', 'skeletal']  [title used 3x in corpus]"
Physics,Sub-Strand 3.3: Introduction to Electronics,1,The Solar Panel Puzzle — Encountering the Phenomenon & Sorting Materials,video,The periodic table - classification of elements,TIER2_WRONG_DOMAIN_VOCAB,contains Chemistry-specific term(s) ['periodic']  [title used 5x in corpus]
Physics,Sub-Strand 3.3: Introduction to Electronics,3,Intrinsic Semiconductors — The Energy Band Model and Silicon's Dual Identity,video,The periodic table - classification of elements,TIER2_WRONG_DOMAIN_VOCAB,contains Chemistry-specific term(s) ['periodic']  [title used 5x in corpus]
Physics,Sub-Strand 3.3: Introduction to Electronics,4,Doping Silicon: How Impurities Turn a Crystal into a Switch,video,The periodic table - classification of elements,TIER2_WRONG_DOMAIN_VOCAB,contains Chemistry-specific term(s) ['periodic']  [title used 5x in corpus]
Physics,Sub-Strand 3.3: Introduction to Electronics,5,"PhET Semiconductor Lab: Exploring p-n Junctions, Bias, and Temperature Effects",video,The periodic table - classification of elements,TIER2_WRONG_DOMAIN_VOCAB,contains Chemistry-specific term(s) ['periodic']  [title used 5x in corpus]
Physics,Sub-Strand 3.3: Introduction to Electronics,7,"Final Explanation: Semiconductors, Doping, and the Kajiado Solar Panel Mystery — Resolved",video,The periodic table - classification of elements,TIER2_WRONG_DOMAIN_VOCAB,contains Chemistry-specific term(s) ['periodic']  [title used 5x in corpus]
Biology,Sub-Strand 1.3: Cell Structure and Specialisation,5,Animal Cell Ultrastructure — Comparing Plant and Animal Cells,video,Watch Me,TIER3_VERY_HIGH_REPEAT,"generic-looking title reused 20x corpus-wide, no topical overlap here"
Biology,Sub-Strand 1.3: Cell Structure and Specialisation,5,Animal Cell Ultrastructure — Comparing Plant and Animal Cells,reading,Animal-like Protists (Flexbook),TIER3_VERY_HIGH_REPEAT,"generic-looking title reused 9x corpus-wide, no topical overlap here"
Biology,Sub-Strand 1.2: Chemicals of Life,1,Predict: What Is Food Really Made Of?,video,Dehydration synthesis or a condensation reaction,TIER3_VERY_HIGH_REPEAT,"generic-looking title reused 7x corpus-wide, no topical overlap here"
Biology,Sub-Strand 1.2: Chemicals of Life,2,What Is Food Really Made Of? Introducing the Six Chemicals of Life,video,Dehydration synthesis or a condensation reaction,TIER3_VERY_HIGH_REPEAT,"generic-looking title reused 7x corpus-wide, no topical overlap here"
Biology,Sub-Strand 1.2: Chemicals of Life,4,Building Life's Molecules: Structure of Carbohydrates and Proteins,video,Dehydration synthesis or a condensation reaction,TIER3_VERY_HIGH_REPEAT,"generic-looking title reused 7x corpus-wide, no topical overlap here"
Biology,Sub-Strand 1.2: Chemicals of Life,5,Sensemaking: Connecting the Chemistry of Food to Health Outcomes in Kisumu,video,Dehydration synthesis or a condensation reaction,TIER3_VERY_HIGH_REPEAT,"generic-looking title reused 7x corpus-wide, no topical overlap here"
Biology,Sub-Strand 1.2: Chemicals of Life,6,Building Our Chemicals of Life Model: Consolidating the Science Behind Two Children in Kisumu,video,Dehydration synthesis or a condensation reaction,TIER3_VERY_HIGH_REPEAT,"generic-looking title reused 7x corpus-wide, no topical overlap here"
Biology,Sub-Strand 1.3: Cell Biology — Cell Structure and Specialisation,2,Seeing Cells for the First Time: Microscopy Practical 1,video,Experimental probability,TIER3_VERY_HIGH_REPEAT,"generic-looking title reused 7x corpus-wide, no topical overlap here"
Biology,Sub-Strand 1.3: Cell Biology — Cell Structure and Specialisation,3,What Is Inside the Cell Doing All the Work? — Organelle Structure & Function (Animal Cell),reading,Animal-like Protists (Flexbook),TIER3_VERY_HIGH_REPEAT,"generic-looking title reused 9x corpus-wide, no topical overlap here"
Biology,Sub-Strand 2.1: Plant Nutrition,2,Leaf Structure: The Architecture of a Photosynthetic Machine,video,Watch Me,TIER3_VERY_HIGH_REPEAT,"generic-looking title reused 20x corpus-wide, no topical overlap here"
Biology,Sub-Strand 2.1: Plant Nutrition,4,Starch Test Practical: Finding Evidence That Chlorophyll and Light Are Both Needed for Photosynthesis,video,Dehydration synthesis or a condensation reaction,TIER3_VERY_HIGH_REPEAT,"generic-looking title reused 7x corpus-wide, no topical overlap here"
Biology,Sub-Strand 2.3: Plant Gaseous Exchange and Respiration,1,Anchoring Phenomenon & Predict Phase: Where Do the Bubbles Come From?,video,Elements and atoms,TIER3_VERY_HIGH_REPEAT,"generic-looking title reused 10x corpus-wide, no topical overlap here"
Biology,Sub-Strand 2.3: Plant Gaseous Exchange and Respiration,5,Importance of Anaerobic Respiration: From Busaa to Biogas,video,Biodiversity flourishes in Phanerozoic eon,TIER3_VERY_HIGH_REPEAT,"generic-looking title reused 7x corpus-wide, no topical overlap here"
Biology,Sub-Strand 2.3: Plant Gaseous Exchange and Respiration,7,Adaptations for Gaseous Exchange in Different Environments,video,Watch Me,TIER3_VERY_HIGH_REPEAT,"generic-looking title reused 20x corpus-wide, no topical overlap here"
Biology,Sub-Strand 2.3: Plant Gaseous Exchange and Respiration,8,"Photosynthesis, Gaseous Exchange & Respiration Linkages: Systems Synthesis and Model Building",video,Elements and atoms,TIER3_VERY_HIGH_REPEAT,"generic-looking title reused 10x corpus-wide, no topical overlap here"
Biology,Sub-Strand 2.3: Plant Gaseous Exchange and Respiration,9,Project Launch & Planning: Investigating Anaerobic Respiration with Local Kenyan Materials,video,Biodiversity flourishes in Phanerozoic eon,TIER3_VERY_HIGH_REPEAT,"generic-looking title reused 7x corpus-wide, no topical overlap here"
Biology,Sub-Strand 2.3: Plant Gaseous Exchange and Respiration,10,Project Execution: Carrying Out Investigations on Plant Gaseous Exchange and Respiration,video,Elements and atoms,TIER3_VERY_HIGH_REPEAT,"generic-looking title reused 10x corpus-wide, no topical overlap here"
Biology,Sub-Strand 2.3: Plant Gaseous Exchange and Respiration,11,Project Presentations and Peer Review: Communicating Evidence on Plant Gaseous Exchange and Respiration,video,Biodiversity flourishes in Phanerozoic eon,TIER3_VERY_HIGH_REPEAT,"generic-looking title reused 7x corpus-wide, no topical overlap here"
Biology,Sub-Strand 2.3: Plant Gaseous Exchange and Respiration,12,"Consolidation, Model Finalisation & Unit Review: How Do Plants ""Breathe"" and Release Energy?",video,Elements and atoms,TIER3_VERY_HIGH_REPEAT,"generic-looking title reused 10x corpus-wide, no topical overlap here"
Biology,Sub-Strand 3.1: Animal Nutrition,1,What Is Animal Nutrition and Why Does It Matter? — Launching the Anchoring Phenomenon,reading,Animal-like Protists (Flexbook),TIER3_VERY_HIGH_REPEAT,"generic-looking title reused 9x corpus-wide, no topical overlap here"
Biology,Sub-Strand 3.1: Animal Nutrition,4,Crushing and Tearing Bird Beaks: How Does a Fish Eagle Eat What a Flamingo Cannot?,video,Watch Me,TIER3_VERY_HIGH_REPEAT,"generic-looking title reused 20x corpus-wide, no topical overlap here"
Biology,Sub-Strand 3.1: Animal Nutrition,5,Probing and Filtering Bird Beaks: How Beak Morphology Reveals Diet and Habitat,reading,Animal-like Protists (Flexbook),TIER3_VERY_HIGH_REPEAT,"generic-looking title reused 9x corpus-wide, no topical overlap here"
Biology,Sub-Strand 3.1: Animal Nutrition,9,"Absorption, Assimilation, and Malnutrition: From Villi to Village Health",reading,Animal-like Protists (Flexbook),TIER3_VERY_HIGH_REPEAT,"generic-looking title reused 9x corpus-wide, no topical overlap here"
Biology,Sub-Strand 3.1: Animal Nutrition,10,"Synthesis and Model Finalisation: From Aphid Stylets to Human Villi — One Purpose, Many Structures",reading,Animal-like Protists (Flexbook),TIER3_VERY_HIGH_REPEAT,"generic-looking title reused 9x corpus-wide, no topical overlap here"
Biology,Sub-Strand 3.2: Animal Transport,2,Why Can't Large Animals Just Use Diffusion? — The Importance of Transport Systems,reading,Animal-like Protists (Flexbook),TIER3_VERY_HIGH_REPEAT,"generic-looking title reused 9x corpus-wide, no topical overlap here"
Biology,Sub-Strand 3.2: Animal Transport,5,Transport in Amphibians and Reptiles — The Trade-Off Heart,video,Watch Me,TIER3_VERY_HIGH_REPEAT,"generic-looking title reused 20x corpus-wide, no topical overlap here"
Biology,Sub-Strand 3.2: Animal Transport,6,Transport in Mammals — The Four-Chambered Heart (Heart Dissection and Circuit Mapping),video,Watch Me,TIER3_VERY_HIGH_REPEAT,"generic-looking title reused 20x corpus-wide, no topical overlap here"
Biology,Sub-Strand 3.2: Animal Transport,12,Final Model Presentations & Celebratory Sensemaking: Answering the Driving Question,reading,Animal-like Protists (Flexbook),TIER3_VERY_HIGH_REPEAT,"generic-looking title reused 9x corpus-wide, no topical overlap here"
Biology,Sub-Strand 3.3: Animal Gaseous Exchange and Respiration,2,Characteristics of Respiratory Surfaces — What Makes a Good Gas Exchange Surface?,video,Elements and atoms,TIER3_VERY_HIGH_REPEAT,"generic-looking title reused 10x corpus-wide, no topical overlap here"
Biology,Sub-Strand 3.3: Animal Gaseous Exchange and Respiration,3,Structure and Adaptations of Respiratory Surfaces,video,Elements and atoms,TIER3_VERY_HIGH_REPEAT,"generic-looking title reused 10x corpus-wide, no topical overlap here"
Biology,Sub-Strand 3.3: Animal Gaseous Exchange and Respiration,7,"Anaerobic Respiration: Yeast Balloons, Burning Legs, and Oxygen Debt",video,Biodiversity flourishes in Phanerozoic eon,TIER3_VERY_HIGH_REPEAT,"generic-looking title reused 7x corpus-wide, no topical overlap here"
Biology,Sub-Strand 3.3: Animal Gaseous Exchange and Respiration,8,Respiratory Quotient (RQ): What Fuel Is Your Body Burning?,video,Watch Me,TIER3_VERY_HIGH_REPEAT,"generic-looking title reused 20x corpus-wide, no topical overlap here"
Biology,Sub-Strand 3.3: Animal Gaseous Exchange and Respiration,11,Model Building and Driving Question Board Consolidation,video,Watch Me,TIER3_VERY_HIGH_REPEAT,"generic-looking title reused 20x corpus-wide, no topical overlap here"
Biology,Sub-Strand 3.3: Animal Gaseous Exchange and Respiration,12,Summative Review & Transfer: Explaining the Body's Response to Exercise,video,Elements and atoms,TIER3_VERY_HIGH_REPEAT,"generic-looking title reused 10x corpus-wide, no topical overlap here"
Chemistry,Sub-Strand 1.1: Introduction to Chemistry,6,Careers in Chemistry and Gender Stereotyping,video,Prime numbers,TIER3_VERY_HIGH_REPEAT,"generic-looking title reused 18x corpus-wide, no topical overlap here"
Chemistry,Sub-Strand 1.3: The Periodic Table,10,"Model Gallery Walk, DQB Closure & Unit Reflection",video,Common polyatomic ions,TIER3_VERY_HIGH_REPEAT,"generic-looking title reused 7x corpus-wide, no topical overlap here"
Chemistry,Sub-Strand 1.4: Chemical Bonding,1,The Carbon Paradox: Launching the Phenomenon,video,Elements and atoms,TIER3_VERY_HIGH_REPEAT,"generic-looking title reused 10x corpus-wide, no topical overlap here"
Chemistry,Sub-Strand 1.4: Chemical Bonding,7,Physical Properties Investigation — Part 1: Setup & Prediction,video,Precipitation reactions,TIER3_VERY_HIGH_REPEAT,"generic-looking title reused 8x corpus-wide, no topical overlap here"
Chemistry,Sub-Strand 1.4: Chemical Bonding,8,"Physical Properties Investigation — Part 2: Data Collection (Solubility, Conductivity & Melting Point)",video,Precipitation reactions,TIER3_VERY_HIGH_REPEAT,"generic-looking title reused 8x corpus-wide, no topical overlap here"
Chemistry,Sub-Strand 1.4: Chemical Bonding,11,"Animations, Simulations & Digital Literacy: Seeing Chemical Bonding in Motion",video,Elements and atoms,TIER3_VERY_HIGH_REPEAT,"generic-looking title reused 10x corpus-wide, no topical overlap here"
Chemistry,Sub-Strand 1.4: Chemical Bonding,12,Project Lesson — 3-D Model Building: Bonding Structures with Locally Available Materials,video,Precipitation reactions,TIER3_VERY_HIGH_REPEAT,"generic-looking title reused 8x corpus-wide, no topical overlap here"
Chemistry,Sub-Strand 2.2: Introduction to Salts,4,Preparing Soluble Salts II — Acid + Base and Acid + Carbonate/Hydrogen Carbonate,video,Precipitation reactions,TIER3_VERY_HIGH_REPEAT,"generic-looking title reused 8x corpus-wide, no topical overlap here"
Chemistry,Sub-Strand 3.1: Acids and Bases,1,The Colour-Changing Drinks of the School Canteen — Launching the Phenomenon,video,Experimental probability,TIER3_VERY_HIGH_REPEAT,"generic-looking title reused 7x corpus-wide, no topical overlap here"
Chemistry,Sub-Strand 3.1: Acids and Bases,2,What Are Acids and Bases? — Naming the Invisible,video,Experimental probability,TIER3_VERY_HIGH_REPEAT,"generic-looking title reused 7x corpus-wide, no topical overlap here"
Chemistry,Sub-Strand 3.1: Acids and Bases,8,Introduction to pH: Measuring the Strength of Acids and Bases in Kenyan Everyday Liquids,video,Experimental probability,TIER3_VERY_HIGH_REPEAT,"generic-looking title reused 7x corpus-wide, no topical overlap here"
Core_Mathematics,Sub-Strand 1.2: Indices and Logarithms,1,Reciprocals and the Language of Indices: Launching the Tea Farm Phenomenon,video,Video: Bending Light,TIER3_VERY_HIGH_REPEAT,"generic-looking title reused 25x corpus-wide, no topical overlap here"
Core_Mathematics,Sub-Strand 1.2: Indices and Logarithms,2,"Deriving the Laws of Indices — Part 1: Product Rule, Quotient Rule, and Zero Index Law",video,Video: Bending Light,TIER3_VERY_HIGH_REPEAT,"generic-looking title reused 25x corpus-wide, no topical overlap here"
Core_Mathematics,Sub-Strand 1.2: Indices and Logarithms,3,"Deriving the Laws of Indices — Part 2: Power, Negative, and Fractional Indices",video,Video: Bending Light,TIER3_VERY_HIGH_REPEAT,"generic-looking title reused 25x corpus-wide, no topical overlap here"
Core_Mathematics,Sub-Strand 1.2: Indices and Logarithms,8,"Consolidation, Combined Operations, and Model Revision: Answering the Driving Question",video,Video: Bending Light,TIER3_VERY_HIGH_REPEAT,"generic-looking title reused 25x corpus-wide, no topical overlap here"
Core_Mathematics,Sub-Strand 2.2: Reflection and Congruence,4,Properties of Reflection — Discovering the Four Rules of the Mirror Line,video,Proofs with transformations,TIER3_VERY_HIGH_REPEAT,"generic-looking title reused 10x corpus-wide, no topical overlap here"
Core_Mathematics,Sub-Strand 2.2: Reflection and Congruence,5,Finding the Mirror Line — Determining the Equation of the Mirror Line Given an Object and Its Image,video,Proofs with transformations,TIER3_VERY_HIGH_REPEAT,"generic-looking title reused 10x corpus-wide, no topical overlap here"
Core_Mathematics,Sub-Strand 2.2: Reflection and Congruence,6,Constructing Reflected Images — Drawing the Mirror Image of a Flag Outline on Plain Paper,video,Proofs with transformations,TIER3_VERY_HIGH_REPEAT,"generic-looking title reused 10x corpus-wide, no topical overlap here"
Core_Mathematics,Sub-Strand 2.3: Rotation,5,INVESTIGATE: Finding the Centre and Angle of Rotation,video,Proofs with transformations,TIER3_VERY_HIGH_REPEAT,"generic-looking title reused 10x corpus-wide, no topical overlap here"
Core_Mathematics,Sub-Strand 2.5: Area of Polygons,6,Irregular Polygons — Triangulation of the Nakuru School Shamba,video,Parallelogram on the coordinate plane,TIER3_VERY_HIGH_REPEAT,"generic-looking title reused 13x corpus-wide, no topical overlap here"
Core_Mathematics,Sub-Strand 2.5: Area of Polygons,7,Composite Polygons and Real-Life Application: Solving the Kericho Land-Division Problem,video,Parallelogram on the coordinate plane,TIER3_VERY_HIGH_REPEAT,"generic-looking title reused 13x corpus-wide, no topical overlap here"
Core_Mathematics,Sub-Strand 2.7: Surface Area and Volume of Solids,3,Surface Area of Cones and Frustums: Unrolling the Cone to Find the Metal Sheet,video,Writing proportional equations from tables,TIER3_VERY_HIGH_REPEAT,"generic-looking title reused 15x corpus-wide, no topical overlap here"
Core_Mathematics,Sub-Strand 2.7: Surface Area and Volume of Solids,4,Surface Area of Spheres and Composite Solids,video,Writing proportional equations from tables,TIER3_VERY_HIGH_REPEAT,"generic-looking title reused 15x corpus-wide, no topical overlap here"
Core_Mathematics,Sub-Strand 2.7: Surface Area and Volume of Solids,5,Volume of Prisms and Pyramids: How Much Grain Can the Box Really Hold?,video,Video: Bending Light,TIER3_VERY_HIGH_REPEAT,"generic-looking title reused 25x corpus-wide, no topical overlap here"
Core_Mathematics,Sub-Strand 2.7: Surface Area and Volume of Solids,6,"Volume of Cones, Frustums and Spheres — Solving the Posho Mill Mystery",video,Writing proportional equations from tables,TIER3_VERY_HIGH_REPEAT,"generic-looking title reused 15x corpus-wide, no topical overlap here"
Core_Mathematics,Sub-Strand 2.7: Surface Area and Volume of Solids,7,Volume and Surface Area of Composite Solids & Real-Life Applications,video,Global winds and currents,TIER3_VERY_HIGH_REPEAT,"generic-looking title reused 7x corpus-wide, no topical overlap here"
Core_Mathematics,Sub-Strand 2.9: Linear Motion,6,Interpreting Velocity-Time Graphs: Area Under the Graph as Distance,video,AP Physics 1 review of Forces and Newton's Laws,TIER3_VERY_HIGH_REPEAT,"generic-looking title reused 9x corpus-wide, no topical overlap here"
Core_Mathematics,Sub-Strand 3.1: Statistics I,5,Histograms: Making the Maize Price Distribution Visible,video,Experimental probability,TIER3_VERY_HIGH_REPEAT,"generic-looking title reused 7x corpus-wide, no topical overlap here"
Core_Mathematics,Sub-Strand 3.1: Statistics I,8,"Which Number Tells the Truth? — Final Explanation: Mean, Mode and Median of the Maize Price Data",video,Video: Plinko Probability,TIER3_VERY_HIGH_REPEAT,"generic-looking title reused 7x corpus-wide, no topical overlap here"
Core_Mathematics,Sub-Strand 3.2: Probability I,8,"Application, Games, and Unit Synthesis — Advising Kamau with the Full Power of Probability",video,Watch Me,TIER3_VERY_HIGH_REPEAT,"generic-looking title reused 20x corpus-wide, no topical overlap here"
Essential_Mathematics,Sub-Strand 1.2: Indices,1,Noticing the Problem — Anchoring the Phenomenon of Indices,video,Video: Bending Light,TIER3_VERY_HIGH_REPEAT,"generic-looking title reused 25x corpus-wide, no topical overlap here"
Essential_Mathematics,Sub-Strand 1.2: Indices,2,"Building Index Language: Bases, Exponents and Expanded Form",video,Video: Bending Light,TIER3_VERY_HIGH_REPEAT,"generic-looking title reused 25x corpus-wide, no topical overlap here"
Essential_Mathematics,Sub-Strand 1.2: Indices,3,Discovering the Product Law of Indices,video,Video: Bending Light,TIER3_VERY_HIGH_REPEAT,"generic-looking title reused 25x corpus-wide, no topical overlap here"
Essential_Mathematics,Sub-Strand 1.2: Indices,4,Discovering the Quotient Law of Indices,video,Video: Bending Light,TIER3_VERY_HIGH_REPEAT,"generic-looking title reused 25x corpus-wide, no topical overlap here"
Essential_Mathematics,Sub-Strand 1.2: Indices,5,Discovering the Power-of-a-Power Law: (aᵐ)ⁿ = aᵐⁿ,video,Video: Bending Light,TIER3_VERY_HIGH_REPEAT,"generic-looking title reused 25x corpus-wide, no topical overlap here"
Essential_Mathematics,Sub-Strand 1.2: Indices,6,Consolidating and Applying All Four Laws of Indices — Multi-Step Computations,video,Video: Bending Light,TIER3_VERY_HIGH_REPEAT,"generic-looking title reused 25x corpus-wide, no topical overlap here"
Essential_Mathematics,Sub-Strand 1.2: Indices,7,Real-Life Applications and Problem Solving — Explain & DQB Refinement,video,Video: Bending Light,TIER3_VERY_HIGH_REPEAT,"generic-looking title reused 25x corpus-wide, no topical overlap here"
Essential_Mathematics,Sub-Strand 1.2: Indices,8,"Index Laws Map: Synthesis, Final Explanation and Portfolio Assessment",video,Video: Bending Light,TIER3_VERY_HIGH_REPEAT,"generic-looking title reused 25x corpus-wide, no topical overlap here"
Essential_Mathematics,Sub-Strand 2.2: Reflection,3,Drawing Images on a Plane Surface — Construction Practice,video,Proofs with transformations,TIER3_VERY_HIGH_REPEAT,"generic-looking title reused 10x corpus-wide, no topical overlap here"
Essential_Mathematics,Sub-Strand 2.2: Reflection,6,Finding the Mirror Line: Reverse Reflection on Plane Surfaces and the Cartesian Plane,video,Proofs with transformations,TIER3_VERY_HIGH_REPEAT,"generic-looking title reused 10x corpus-wide, no topical overlap here"
Essential_Mathematics,Sub-Strand 2.4: Area of Polygons,1,"Anchoring the Courtyard Puzzle — Discovering Why ""Base × Height ÷ 2"" Is Not Enough",video,Parallelogram on the coordinate plane,TIER3_VERY_HIGH_REPEAT,"generic-looking title reused 13x corpus-wide, no topical overlap here"
Essential_Mathematics,Sub-Strand 2.4: Area of Polygons,2,Lesson 2: Triangle Area Without a Height — ½ab sin C in Practice & Heron's Formula Introduced,video,Parallelogram on the coordinate plane,TIER3_VERY_HIGH_REPEAT,"generic-looking title reused 13x corpus-wide, no topical overlap here"
Essential_Mathematics,Sub-Strand 2.4: Area of Polygons,3,Deep Practice & Model Building: Heron's Formula Consolidated,video,Parallelogram on the coordinate plane,TIER3_VERY_HIGH_REPEAT,"generic-looking title reused 13x corpus-wide, no topical overlap here"
Essential_Mathematics,Sub-Strand 2.5: Area of Part of a Circle,3,Investigating Sector Area with Cut-Outs,video,Proofs with transformations,TIER3_VERY_HIGH_REPEAT,"generic-looking title reused 10x corpus-wide, no topical overlap here"
Essential_Mathematics,Sub-Strand 2.5: Area of Part of a Circle,4,Cutting Watermelon Fairly: Deriving the Area of a Sector Formula,video,AP Physics 1 review of Forces and Newton's Laws,TIER3_VERY_HIGH_REPEAT,"generic-looking title reused 9x corpus-wide, no topical overlap here"
Essential_Mathematics,Sub-Strand 2.5: Area of Part of a Circle,8,"Segment Area, Final Explanation & Fair-Share Verdict — Completing the Watermelon Puzzle",video,AP Physics 1 review of Forces and Newton's Laws,TIER3_VERY_HIGH_REPEAT,"generic-looking title reused 9x corpus-wide, no topical overlap here"
Essential_Mathematics,Sub-Strand 2.6: Surface Area of Solids,1,Anchoring Phenomenon & Nets of Cones: How Much Metal Makes a Bucket?,video,Writing proportional equations from tables,TIER3_VERY_HIGH_REPEAT,"generic-looking title reused 15x corpus-wide, no topical overlap here"
Essential_Mathematics,Sub-Strand 2.6: Surface Area of Solids,3,Surface Area of a Sphere,video,Global winds and currents,TIER3_VERY_HIGH_REPEAT,"generic-looking title reused 7x corpus-wide, no topical overlap here"
Essential_Mathematics,Sub-Strand 2.6: Surface Area of Solids,4,Surface Area of a Hemisphere,video,Global winds and currents,TIER3_VERY_HIGH_REPEAT,"generic-looking title reused 7x corpus-wide, no topical overlap here"
Essential_Mathematics,Sub-Strand 2.6: Surface Area of Solids,5,Introduction to Frustums: Nets and Vocabulary,video,Writing proportional equations from tables,TIER3_VERY_HIGH_REPEAT,"generic-looking title reused 15x corpus-wide, no topical overlap here"
Essential_Mathematics,Sub-Strand 2.6: Surface Area of Solids,8,"Consolidation, Applications and Model Revision: Comparing All Three Buckets and Finalising the Surface Area Model",video,Writing proportional equations from tables,TIER3_VERY_HIGH_REPEAT,"generic-looking title reused 15x corpus-wide, no topical overlap here"
Essential_Mathematics,Sub-Strand 2.7: Volume and Capacity,1,The Kericho Container Puzzle: Anchoring the Phenomenon & Launching the Driving Question,video,Writing proportional equations from tables,TIER3_VERY_HIGH_REPEAT,"generic-looking title reused 15x corpus-wide, no topical overlap here"
Essential_Mathematics,Sub-Strand 2.7: Volume and Capacity,2,Cone vs. Cylinder — Deriving the Cone Volume Formula,video,Writing proportional equations from tables,TIER3_VERY_HIGH_REPEAT,"generic-looking title reused 15x corpus-wide, no topical overlap here"
Essential_Mathematics,Sub-Strand 2.7: Volume and Capacity,4,Introducing Frustums of Cones: Deriving the Volume Formula and Solving the Bucket Mystery,video,Writing proportional equations from tables,TIER3_VERY_HIGH_REPEAT,"generic-looking title reused 15x corpus-wide, no topical overlap here"
Essential_Mathematics,Sub-Strand 2.7: Volume and Capacity,6,Problem Solving with Real Containers: Apply & DQB Update,video,Writing proportional equations from tables,TIER3_VERY_HIGH_REPEAT,"generic-looking title reused 15x corpus-wide, no topical overlap here"
Essential_Mathematics,Sub-Strand 2.7: Volume and Capacity,7,"Project: Model Making & Measurement — Frustum, Pyramid Frustum, and Cone Containers",video,Writing proportional equations from tables,TIER3_VERY_HIGH_REPEAT,"generic-looking title reused 15x corpus-wide, no topical overlap here"
Essential_Mathematics,Sub-Strand 2.7: Volume and Capacity,8,"Model Building Culmination, Final Explanation & Assessment: The Kericho Farmers' Containers Solved",video,Writing proportional equations from tables,TIER3_VERY_HIGH_REPEAT,"generic-looking title reused 15x corpus-wide, no topical overlap here"
Essential_Mathematics,Sub-Strand 3.1: Statistics 1,7,The Middle Value: Median — Finding the Centre of Mama Wanjiku's Data,video,Video: Plinko Probability,TIER3_VERY_HIGH_REPEAT,"generic-looking title reused 7x corpus-wide, no topical overlap here"
General_Science,Sub-Strand 1.1: Introduction to General Science,4,"Careers in General Science: Research, Chart Making & Career-Path Justification",video,Prime numbers,TIER3_VERY_HIGH_REPEAT,"generic-looking title reused 18x corpus-wide, no topical overlap here"
General_Science,Sub-Strand 1.2: The Cell,3,Animal Cell Ultrastructure: Observing the Hidden Machinery of Life,reading,Animal-like Protists (Flexbook),TIER3_VERY_HIGH_REPEAT,"generic-looking title reused 9x corpus-wide, no topical overlap here"
General_Science,Sub-Strand 1.3: Nutrition in Animals,4,Food Tests Practical Part 1 — Detecting Starch and Reducing Sugars in Kenyan Foods,video,Dehydration synthesis or a condensation reaction,TIER3_VERY_HIGH_REPEAT,"generic-looking title reused 7x corpus-wide, no topical overlap here"
General_Science,Sub-Strand 1.5: Respiration,3,Caught in the Act: Investigating Anaerobic Respiration in Yeast,video,Biodiversity flourishes in Phanerozoic eon,TIER3_VERY_HIGH_REPEAT,"generic-looking title reused 7x corpus-wide, no topical overlap here"
General_Science,Sub-Strand 1.5: Respiration,4,"Anaerobic Respiration in Animals & Plants: Products, Equations, and the Sour Truth in Our Uji",video,Biodiversity flourishes in Phanerozoic eon,TIER3_VERY_HIGH_REPEAT,"generic-looking title reused 7x corpus-wide, no topical overlap here"
General_Science,Sub-Strand 1.5: Respiration,5,Respiratory Substrates and Respiratory Quotient: What Fuel Are Our Cells Really Burning?,video,Watch Me,TIER3_VERY_HIGH_REPEAT,"generic-looking title reused 20x corpus-wide, no topical overlap here"
General_Science,Sub-Strand 1.5: Respiration,7,DQB Revision & Economic Importance of Anaerobic Respiration,video,Biodiversity flourishes in Phanerozoic eon,TIER3_VERY_HIGH_REPEAT,"generic-looking title reused 7x corpus-wide, no topical overlap here"
General_Science,Sub-Strand 1.7: Microorganisms,1,Noticing and Wondering: What Is Growing on Our Ugali and Chapati?,video,"Populations, communities, and ecosystems",TIER3_VERY_HIGH_REPEAT,"generic-looking title reused 7x corpus-wide, no topical overlap here"
General_Science,Sub-Strand 1.7: Microorganisms,2,Types of Microorganisms: Naming the Invisible Invaders on Our Ugali,video,"Populations, communities, and ecosystems",TIER3_VERY_HIGH_REPEAT,"generic-looking title reused 7x corpus-wide, no topical overlap here"
General_Science,Sub-Strand 1.7: Microorganisms,3,Modes of Transmission: How Did the Mould Get onto the Ugali?,video,"Populations, communities, and ecosystems",TIER3_VERY_HIGH_REPEAT,"generic-looking title reused 7x corpus-wide, no topical overlap here"
General_Science,Sub-Strand 1.7: Microorganisms,4,"Infections Caused by Microorganisms: Fungi, Bacteria, and Viruses",video,"Populations, communities, and ecosystems",TIER3_VERY_HIGH_REPEAT,"generic-looking title reused 7x corpus-wide, no topical overlap here"
General_Science,Sub-Strand 1.7: Microorganisms,5,Prevention and Control: How Mode of Transmission Shapes Our Defences,video,"Populations, communities, and ecosystems",TIER3_VERY_HIGH_REPEAT,"generic-looking title reused 7x corpus-wide, no topical overlap here"
General_Science,Sub-Strand 1.7: Microorganisms,6,Economic Importance of Microorganisms: The Dual Nature of the Invisible World,video,"Populations, communities, and ecosystems",TIER3_VERY_HIGH_REPEAT,"generic-looking title reused 7x corpus-wide, no topical overlap here"
General_Science,Sub-Strand 1.7: Microorganisms,8,"Model Building, DQB Synthesis and Community Sensitisation",video,"Populations, communities, and ecosystems",TIER3_VERY_HIGH_REPEAT,"generic-looking title reused 7x corpus-wide, no topical overlap here"
General_Science,Sub-Strand 2.3: Chemical Bonding,2,Predicting the Invisible: What Are Our Three Kitchen Items Made Of?,video,Precipitation reactions,TIER3_VERY_HIGH_REPEAT,"generic-looking title reused 8x corpus-wide, no topical overlap here"
General_Science,Sub-Strand 2.3: Chemical Bonding,5,Practical Investigation of Physical Properties — Connecting Evidence to the Anchoring Phenomenon,video,Precipitation reactions,TIER3_VERY_HIGH_REPEAT,"generic-looking title reused 8x corpus-wide, no topical overlap here"
General_Science,Sub-Strand 2.3: Chemical Bonding,6,Seeing the Invisible: Drawing Ionic and Covalent Bonds with Dot-and-Cross Diagrams,video,Precipitation reactions,TIER3_VERY_HIGH_REPEAT,"generic-looking title reused 8x corpus-wide, no topical overlap here"
General_Science,Sub-Strand 2.3: Chemical Bonding,7,"Bond Types, Structures and Physical Properties: Making Sense of the Data",video,Elements and atoms,TIER3_VERY_HIGH_REPEAT,"generic-looking title reused 10x corpus-wide, no topical overlap here"
General_Science,Sub-Strand 2.3: Chemical Bonding,8,"Final Explanation — Four Structural Types, Jigsaw Presentations and the Complete Story of the Kitchen Items",video,Precipitation reactions,TIER3_VERY_HIGH_REPEAT,"generic-looking title reused 8x corpus-wide, no topical overlap here"
General_Science,"Sub-Strand 2.4: Acids, Bases and Salts",1,Predict and Anchor: What Is Happening at Lake Magadi and Inside the Sufuria?,video,Watch Me,TIER3_VERY_HIGH_REPEAT,"generic-looking title reused 20x corpus-wide, no topical overlap here"
General_Science,"Sub-Strand 2.4: Acids, Bases and Salts",2,pH Investigation: Measuring the Acid-Base Character of Everyday Kenyan Substances,video,Experimental probability,TIER3_VERY_HIGH_REPEAT,"generic-looking title reused 7x corpus-wide, no topical overlap here"
General_Science,"Sub-Strand 2.4: Acids, Bases and Salts",4,"Reactions of Acids with Bases, Carbonates and Metals — Evidence from the Sufuria and the Antacid",video,Experimental probability,TIER3_VERY_HIGH_REPEAT,"generic-looking title reused 7x corpus-wide, no topical overlap here"
General_Science,Sub-Strand 2.5: Rates of Reactions,1,What Is a Rate of Reaction? — Anchoring Phenomenon Launch,video,Common polyatomic ions,TIER3_VERY_HIGH_REPEAT,"generic-looking title reused 7x corpus-wide, no topical overlap here"
General_Science,Sub-Strand 2.5: Rates of Reactions,2,What Is Rate of Reaction? — Measuring the Speed of Change,video,Common polyatomic ions,TIER3_VERY_HIGH_REPEAT,"generic-looking title reused 7x corpus-wide, no topical overlap here"
General_Science,Sub-Strand 2.5: Rates of Reactions,3,Concentration and Collision Frequency: Why Does a More Concentrated Acid React Faster?,video,Common polyatomic ions,TIER3_VERY_HIGH_REPEAT,"generic-looking title reused 7x corpus-wide, no topical overlap here"
General_Science,Sub-Strand 2.5: Rates of Reactions,4,"Factor 2: Effect of Concentration on Reaction Rate — More Particles, More Collisions",video,Common polyatomic ions,TIER3_VERY_HIGH_REPEAT,"generic-looking title reused 7x corpus-wide, no topical overlap here"
General_Science,Sub-Strand 2.5: Rates of Reactions,6,Factor 4: Catalysts and Light — Speeding Up Reactions Without Being Used Up,video,Common polyatomic ions,TIER3_VERY_HIGH_REPEAT,"generic-looking title reused 7x corpus-wide, no topical overlap here"
General_Science,Sub-Strand 2.5: Rates of Reactions,7,Light and Catalysts — The Final Rate Factors,video,Common polyatomic ions,TIER3_VERY_HIGH_REPEAT,"generic-looking title reused 7x corpus-wide, no topical overlap here"
General_Science,Sub-Strand 3.1: Turning Effect of Force,1,The Jembe Handle Puzzle — Launching the Phenomenon,video,Equation with the variable in the denominator,TIER3_VERY_HIGH_REPEAT,"generic-looking title reused 8x corpus-wide, no topical overlap here"
General_Science,Sub-Strand 3.1: Turning Effect of Force,2,Moments of a Force at a Point — The Metre Rule Balancing Investigation,video,Equation with the variable in the denominator,TIER3_VERY_HIGH_REPEAT,"generic-looking title reused 8x corpus-wide, no topical overlap here"
General_Science,Sub-Strand 3.1: Turning Effect of Force,5,Calculating Moments of Anti-Parallel Forces — Numerical Problems,video,Equation with the variable in the denominator,TIER3_VERY_HIGH_REPEAT,"generic-looking title reused 8x corpus-wide, no topical overlap here"
General_Science,Sub-Strand 3.1: Turning Effect of Force,7,DQB Update and Model Building: Unifying the Turning Effect of Force,video,Equation with the variable in the denominator,TIER3_VERY_HIGH_REPEAT,"generic-looking title reused 8x corpus-wide, no topical overlap here"
General_Science,Sub-Strand 3.1: Turning Effect of Force,8,"Consolidation, Assessment and Reflection: The Final Explanation of Turning Effect of Force",video,Equation with the variable in the denominator,TIER3_VERY_HIGH_REPEAT,"generic-looking title reused 8x corpus-wide, no topical overlap here"
General_Science,Sub-Strand 3.2: Linear Motion,3,Equations of Linear Motion — Part 2: Problem Solving,video,AP Physics 1 review of Forces and Newton's Laws,TIER3_VERY_HIGH_REPEAT,"generic-looking title reused 9x corpus-wide, no topical overlap here"
General_Science,Sub-Strand 3.2: Linear Motion,5,Freely Falling Bodies — Explain & Calculate: Using g to Predict the Mkokoteni's Speed and Distance,video,Video: Plinko Probability,TIER3_VERY_HIGH_REPEAT,"generic-looking title reused 7x corpus-wide, no topical overlap here"
General_Science,Sub-Strand 3.2: Linear Motion,6,"Applications, Road Safety & Real-Life Contexts of Linear Motion",video,AP Physics 1 review of Forces and Newton's Laws,TIER3_VERY_HIGH_REPEAT,"generic-looking title reused 9x corpus-wide, no topical overlap here"
General_Science,Sub-Strand 3.3: Waves,4,Refraction of Waves — Why Does the Water Bend at the Shore and the Radio Fade in the Rift Valley?,video,Video: Bending Light,TIER3_VERY_HIGH_REPEAT,"generic-looking title reused 25x corpus-wide, no topical overlap here"
General_Science,Sub-Strand 3.3: Waves,5,Diffraction of Waves — Sound Around the Corner and Signals Over the Hill,video,Video: Bending Light,TIER3_VERY_HIGH_REPEAT,"generic-looking title reused 25x corpus-wide, no topical overlap here"
General_Science,Sub-Strand 3.3: Waves,6,Applications of Wave Properties in Real Life,video,Video: Bending Light,TIER3_VERY_HIGH_REPEAT,"generic-looking title reused 25x corpus-wide, no topical overlap here"
General_Science,Sub-Strand 3.3: Waves,8,"Model Building, Numerical Consolidation & DQB Closure — How Wave Science Keeps Kenyan Communities Safer",video,Video: Bending Light,TIER3_VERY_HIGH_REPEAT,"generic-looking title reused 25x corpus-wide, no topical overlap here"
Maths,Sub-Strand 1.2: Indices and Logarithms,2,Laws of Indices I: Product Law and Quotient Law,video,Video: Bending Light,TIER3_VERY_HIGH_REPEAT,"generic-looking title reused 25x corpus-wide, no topical overlap here"
Maths,Sub-Strand 1.2: Indices and Logarithms,3,"Laws of Indices II — Power, Zero, and Negative Index Laws",video,Video: Bending Light,TIER3_VERY_HIGH_REPEAT,"generic-looking title reused 25x corpus-wide, no topical overlap here"
Maths,Sub-Strand 1.2: Indices and Logarithms,4,"Applying the Laws of Indices: Multi-Step Computations, Algebraic Simplification, and Index Equations",video,Video: Bending Light,TIER3_VERY_HIGH_REPEAT,"generic-looking title reused 25x corpus-wide, no topical overlap here"
Maths,Sub-Strand 1.2: Indices and Logarithms,8,"Summative Assessment, Final Explanation, and Model Consolidation",video,Video: Bending Light,TIER3_VERY_HIGH_REPEAT,"generic-looking title reused 25x corpus-wide, no topical overlap here"
Maths,Sub-Strand 1.3: Quadratic Expressions and Equations,1,Anchoring the Phenomenon: The Githurai Harambee Hall Problem,video,Video: Plinko Probability,TIER3_VERY_HIGH_REPEAT,"generic-looking title reused 7x corpus-wide, no topical overlap here"
Maths,Sub-Strand 1.4: Congruence,5,Reverse Engineering the Mirror: Finding the Equation of the Mirror Line,video,Proofs with transformations,TIER3_VERY_HIGH_REPEAT,"generic-looking title reused 10x corpus-wide, no topical overlap here"
Maths,Sub-Strand 2.1: Similarity and Enlargement,2,The Passport Photo Puzzle — Discovering the Linear Scale Factor,video,Watch Me,TIER3_VERY_HIGH_REPEAT,"generic-looking title reused 20x corpus-wide, no topical overlap here"
Maths,Sub-Strand 2.1: Similarity and Enlargement,3,"Identifying Properties of Similar Figures: Angles, Ratios, and the Rule Behind the Resize",video,Watch Me,TIER3_VERY_HIGH_REPEAT,"generic-looking title reused 20x corpus-wide, no topical overlap here"
Maths,Sub-Strand 2.1: Similarity and Enlargement,4,Discovering Similar Figures: Equal Angles and Constant Ratios,video,Parallelogram on the coordinate plane,TIER3_VERY_HIGH_REPEAT,"generic-looking title reused 13x corpus-wide, no topical overlap here"
Maths,Sub-Strand 2.1: Similarity and Enlargement,5,Linear Scale Factor and Lengths — Explaining the Photographer's Rule,video,Watch Me,TIER3_VERY_HIGH_REPEAT,"generic-looking title reused 20x corpus-wide, no topical overlap here"
Maths,Sub-Strand 2.1: Similarity and Enlargement,6,Calculating and Applying the Linear Scale Factor (LSF) to Find Unknown Lengths,video,Watch Me,TIER3_VERY_HIGH_REPEAT,"generic-looking title reused 20x corpus-wide, no topical overlap here"
Maths,Sub-Strand 2.1: Similarity and Enlargement,7,Area Scale Factor — How Does Enlargement Change the Area of the Passport Photo?,video,Watch Me,TIER3_VERY_HIGH_REPEAT,"generic-looking title reused 20x corpus-wide, no topical overlap here"
Maths,Sub-Strand 2.5: Area of Polygons,1,Anchoring Phenomenon & Area of a Triangle (½ × base × height),video,Parallelogram on the coordinate plane,TIER3_VERY_HIGH_REPEAT,"generic-looking title reused 13x corpus-wide, no topical overlap here"
Maths,Sub-Strand 2.5: Area of Polygons,3,Applying the Sine Formula for Area of a Triangle,video,Parallelogram on the coordinate plane,TIER3_VERY_HIGH_REPEAT,"generic-looking title reused 13x corpus-wide, no topical overlap here"
Maths,Sub-Strand 2.5: Area of Polygons,4,Area of a Triangle Using Heron's Formula,video,Parallelogram on the coordinate plane,TIER3_VERY_HIGH_REPEAT,"generic-looking title reused 13x corpus-wide, no topical overlap here"
Maths,Sub-Strand 2.5: Area of Polygons,5,"Polygons: Classification, Properties, and Decomposition into Triangles",video,Parallelogram on the coordinate plane,TIER3_VERY_HIGH_REPEAT,"generic-looking title reused 13x corpus-wide, no topical overlap here"
Maths,Sub-Strand 2.5: Area of Polygons,6,Area of Regular Polygons: Central Triangle Decomposition,video,Parallelogram on the coordinate plane,TIER3_VERY_HIGH_REPEAT,"generic-looking title reused 13x corpus-wide, no topical overlap here"
Maths,Sub-Strand 2.7: Surface Area and Volume of Solids,1,Surface Area of Prisms and Pyramids — Launching the Phenomenon,video,Video: Bending Light,TIER3_VERY_HIGH_REPEAT,"generic-looking title reused 25x corpus-wide, no topical overlap here"
Maths,Sub-Strand 2.7: Surface Area and Volume of Solids,2,Surface Area of Cones and Spheres,video,Writing proportional equations from tables,TIER3_VERY_HIGH_REPEAT,"generic-looking title reused 15x corpus-wide, no topical overlap here"
Maths,Sub-Strand 2.7: Surface Area and Volume of Solids,3,Surface Area of Frustums of a Cone,video,Writing proportional equations from tables,TIER3_VERY_HIGH_REPEAT,"generic-looking title reused 15x corpus-wide, no topical overlap here"
Maths,Sub-Strand 2.7: Surface Area and Volume of Solids,5,Surface Area of Composite Solids,video,Global winds and currents,TIER3_VERY_HIGH_REPEAT,"generic-looking title reused 7x corpus-wide, no topical overlap here"
Maths,Sub-Strand 2.7: Surface Area and Volume of Solids,6,"Volume of Prisms, Pyramids, Cones, and Spheres",video,Video: Bending Light,TIER3_VERY_HIGH_REPEAT,"generic-looking title reused 25x corpus-wide, no topical overlap here"
Maths,Sub-Strand 2.7: Surface Area and Volume of Solids,7,Volume of Frustums of a Cone,video,Writing proportional equations from tables,TIER3_VERY_HIGH_REPEAT,"generic-looking title reused 15x corpus-wide, no topical overlap here"
Maths,Sub-Strand 2.7: Surface Area and Volume of Solids,9,Volume of Composite Solids — Solving the Kisumu Tank Mystery,video,Global winds and currents,TIER3_VERY_HIGH_REPEAT,"generic-looking title reused 7x corpus-wide, no topical overlap here"
Maths,Sub-Strand 2.7: Surface Area and Volume of Solids,10,"Real-Life Applications, Final Explanation and Cumulative Model Presentation",video,Global winds and currents,TIER3_VERY_HIGH_REPEAT,"generic-looking title reused 7x corpus-wide, no topical overlap here"
Maths,Sub-Strand 3.1: Trigonometry I,2,Sine of an Acute Angle: Reading the Language of Triangles,video,Proofs with transformations,TIER3_VERY_HIGH_REPEAT,"generic-looking title reused 10x corpus-wide, no topical overlap here"
Maths,Sub-Strand 3.2: Rotation,5,Angle and Centre of Rotation — Finding What We Cannot See,video,Proofs with transformations,TIER3_VERY_HIGH_REPEAT,"generic-looking title reused 10x corpus-wide, no topical overlap here"
Maths,Sub-Strand 3.3: Vectors I,2,Representing Vectors — Column Vectors and Position Vectors,video,Intro to the coordinate plane,TIER3_VERY_HIGH_REPEAT,"generic-looking title reused 14x corpus-wide, no topical overlap here"
Maths,Sub-Strand 3.4: Linear Motion,3,"Velocity, Speed & Acceleration: Illustrations + Calculations",video,AP Physics 1 review of Forces and Newton's Laws,TIER3_VERY_HIGH_REPEAT,"generic-looking title reused 9x corpus-wide, no topical overlap here"
Maths,Sub-Strand 3.4: Linear Motion,4,Velocity and Acceleration Problems — Practice & Sensemaking,video,AP Physics 1 review of Forces and Newton's Laws,TIER3_VERY_HIGH_REPEAT,"generic-looking title reused 9x corpus-wide, no topical overlap here"
Maths,Sub-Strand 3.4: Linear Motion,7,"Drawing Velocity–Time Graphs: Gradients, Acceleration, and Kipchoge's Splits",video,AP Physics 1 review of Forces and Newton's Laws,TIER3_VERY_HIGH_REPEAT,"generic-looking title reused 9x corpus-wide, no topical overlap here"
Maths,Sub-Strand 3.4: Linear Motion,8,Interpreting Velocity–Time Graphs & Area Under the Graph,video,AP Physics 1 review of Forces and Newton's Laws,TIER3_VERY_HIGH_REPEAT,"generic-looking title reused 9x corpus-wide, no topical overlap here"
Maths,Sub-Strand 4.1: Statistics I,5,The Middle of the Story — Median of Ungrouped Data,video,Video: Plinko Probability,TIER3_VERY_HIGH_REPEAT,"generic-looking title reused 7x corpus-wide, no topical overlap here"
Physics,Sub-Strand 1.2: Pressure,8,Pressure in Liquids: Deriving and Applying P = ρgh,video,Watch Me,TIER3_VERY_HIGH_REPEAT,"generic-looking title reused 20x corpus-wide, no topical overlap here"
Physics,"Sub-Strand 1.6: Energy, Work, Power and Machines",3,Work: Definition and Calculation,video,Watch Me,TIER3_VERY_HIGH_REPEAT,"generic-looking title reused 20x corpus-wide, no topical overlap here"
Physics,"Sub-Strand 1.6: Energy, Work, Power and Machines",4,Work Done Against Friction: Where Does the Energy Go?,video,Watch Me,TIER3_VERY_HIGH_REPEAT,"generic-looking title reused 20x corpus-wide, no topical overlap here"
Physics,Sub-Strand 1.5: Moments and Equilibrium,4,The Principle of Moments: Balancing Forces on a Bao Plank,video,Equation with the variable in the denominator,TIER3_VERY_HIGH_REPEAT,"generic-looking title reused 8x corpus-wide, no topical overlap here"
Physics,Sub-Strand 1.5: Moments and Equilibrium,6,"Can We Explain and Predict Toppling? — Consolidation, Model Finalisation, and DQB Review",video,Equation with the variable in the denominator,TIER3_VERY_HIGH_REPEAT,"generic-looking title reused 8x corpus-wide, no topical overlap here"
Physics,Sub-Strand 3.2: Current Electricity,9,Electrical Power: Deriving and Applying P = IV = I²R = V²/R,video,Watch Me,TIER3_VERY_HIGH_REPEAT,"generic-looking title reused 20x corpus-wide, no topical overlap here"
Physics,Sub-Strand 3.3: Introduction to Electronics,2,Energy Bands and the In-Between World of Silicon,video,Global winds and currents,TIER3_VERY_HIGH_REPEAT,"generic-looking title reused 7x corpus-wide, no topical overlap here"
Physics,Sub-Strand 4.2: Introduction to Space Physics,7,Telescopes: Windows to the Universe,video,Video: Bending Light,TIER3_VERY_HIGH_REPEAT,"generic-looking title reused 25x corpus-wide, no topical overlap here"
Physics,Sub-Strand 4.2: Introduction to Space Physics,10,Careers in Space Physics: African and Kenyan Voices in the Cosmos,video,Prime numbers,TIER3_VERY_HIGH_REPEAT,"generic-looking title reused 18x corpus-wide, no topical overlap here"
